id,item_id,ingredient_id,quantity
1,1,1,1
2,1,2,1
3,1,3,1
4,2,4,1
5,2,2,1
6,2,3,1
7,3,2,2
8,3,3,1
9,4,1,1
10,4,4,2
11,4,3,1
12,5,5,1
13,5,2,1
14,5,3,1
15,6,5,2
16,6,1,1
17,6,3,1
18,7,6,1
19,7,2,1
20,7,3,1
21,8,7,1
22,8,1,1
23,8,3,1
24,9,4,2
25,9,1,1
26,9,3,1
27,10,8,1
28,10,9,1
29,11,10,1
30,11,9,1
31,11,3,1
32,12,6,1
33,12,9,1
34,12,3,1
35,13,5,1
36,13,9,2
37,13,3,1
38,14,11,1
39,14,12,2
40,14,3,1
41,15,13,1
42,15,4,1
43,15,3,1
44,16,14,1
45,16,6,1
46,16,3,1
47,17,6,1
48,17,12,1
49,17,3,1
50,18,5,3
51,18,15,1
52,18,3,1
53,19,14,1
54,19,9,1
55,19,16,1
56,20,5,1
57,20,11,1
58,20,3,1
59,21,17,1
60,21,14,1
61,21,16,1
62,22,14,2
63,22,9,2
64,22,16,1
65,23,15,1
66,23,11,1
67,23,16,1
68,24,18,1
69,24,19,1
70,24,16,1
71,25,15,1
72,25,6,1
73,25,16,1
74,26,20,2
75,26,19,1
76,26,16,1
77,27,4,1
78,27,19,1
79,27,16,1
80,28,12,2
81,28,11,1
82,28,16,1
83,29,21,1
84,29,19,1
85,29,16,1
86,30,11,1
87,30,19,1
88,30,16,1
89,31,22,1
90,31,15,1
91,31,16,1
92,32,22,4
93,32,18,4
94,32,16,1
95,33,23,1
96,33,20,1
97,33,16,1
98,34,15,1
99,34,24,1
100,34,16,1
101,35,25,1
102,35,19,1
103,35,16,1
104,36,21,1
105,36,14,1
106,36,16,1
107,37,11,1
108,37,24,1
109,37,16,1
110,38,26,1
111,38,24,1
112,38,16,1
113,39,21,1
114,39,11,1
115,39,16,1
116,40,26,2
117,40,27,1
118,40,16,1
119,41,27,1
120,41,22,1
121,41,16,1
122,42,15,1
123,42,24,1
124,42,16,1
125,43,27,4
126,43,26,2
127,43,16,1
128,44,24,1
129,44,22,1
130,44,16,1
131,45,28,1
132,45,24,1
133,45,29,1
134,46,27,1
135,46,24,1
136,46,16,1
137,47,27,1
138,47,30,1
139,47,29,1
140,48,31,1
141,48,24,1
142,48,16,1
143,49,32,1
144,49,24,1
145,49,29,1
146,50,33,1
147,50,27,1
148,50,29,1
149,51,34,1
150,51,30,2
151,51,29,1
152,52,35,1
153,52,30,1
154,52,29,1
155,53,36,1
156,53,29,1
157,54,30,3
158,54,29,1
159,55,37,1
160,55,24,1
161,55,29,1
162,56,38,1
163,56,33,1
164,56,29,1
165,57,37,1
166,57,27,1
167,57,29,1
168,58,36,1
169,58,37,1
170,58,29,1
171,59,33,1
172,59,24,1
173,59,29,1
174,60,30,3
175,60,29,1
176,61,33,1
177,61,39,1
178,61,29,1
179,62,38,3
180,62,29,1
181,63,39,1
182,63,38,1
183,63,29,1
184,64,39,2
185,64,29,1
186,65,37,2
187,65,38,1
188,65,29,1
189,66,39,3
190,66,29,1
191,67,33,2
192,67,37,2
193,67,29,1
194,68,40,2
195,68,33,1
196,68,29,1
197,69,41,1
198,69,42,2
199,69,29,1
200,70,43,2
201,70,44,1
202,70,29,1
203,71,39,2
204,71,42,2
205,71,29,1
206,72,41,1
207,72,42,2
208,72,29,1
209,73,41,2
210,73,43,1
211,73,29,1
212,74,40,3
213,74,45,1
214,74,29,1
215,75,44,2
216,75,42,2
217,75,29,1
218,76,46,2
219,76,42,2
220,76,29,1
221,77,41,3
222,77,44,1
223,77,29,1
224,78,46,2
225,78,44,2
226,78,47,2
227,78,29,1
228,79,48,1
229,79,41,1
230,79,29,1
231,80,49,1
232,80,41,1
233,80,29,1
234,81,32,1
235,81,41,1
236,81,29,1
237,82,50,1
238,82,41,1
239,82,29,1
240,83,51,1
241,83,41,1
242,83,29,1
243,84,39,1
244,84,42,2
245,84,29,1
246,85,41,3
247,85,46,2
248,85,29,1
249,86,52,8
250,86,53,8
251,86,54,8
252,86,55,8
253,86,56,8
254,86,57,2
255,86,58,4
256,87,40,30
257,87,44,10
258,87,58,1
259,87,29,1
260,88,39,30
261,88,40,10
262,88,58,1
263,88,29,1
264,89,41,30
265,89,46,10
266,89,58,1
267,89,29,1
268,90,41,30
269,90,44,10
270,90,58,1
271,90,29,1
272,91,46,30
273,91,44,10
274,91,58,1
275,91,29,1
276,92,47,1
277,92,43,4
278,92,41,4
279,92,59,1
280,93,60,1
281,93,61,1
282,93,62,6
283,93,58,1
284,94,20,3
285,94,28,3
286,94,29,1
287,95,63,1
288,96,63,1
289,96,64,1
290,97,65,1
291,97,66,1
292,98,65,1
293,99,67,1
294,99,68,1
295,100,69,1
296,100,66,1
297,101,69,1
298,102,70,6
299,102,71,4
300,103,72,1
301,103,73,1
302,104,70,4
303,104,71,2
304,104,74,1
305,105,75,10
306,105,76,2
307,105,77,1
308,105,32,1
309,105,78,1
310,106,75,8
311,106,73,2
312,106,78,4
313,107,75,10
314,107,72,4
315,107,48,2
316,107,78,2
317,108,75,10
318,108,79,1
319,108,49,2
320,108,80,2
321,108,78,2
322,109,75,8
323,109,76,2
324,109,73,2
325,109,81,2
326,109,79,1
327,109,78,4
328,110,82,1
329,111,82,1
330,111,83,1
331,112,84,1
332,112,85,1
333,113,86,12
334,114,86,4
335,114,84,2
336,114,85,4
337,115,86,12
338,115,84,1
339,115,85,1
340,115,87,1
341,116,86,10
342,116,88,6
343,116,84,1
344,116,85,1
345,117,86,12
346,117,84,1
347,117,89,6
348,118,86,4
349,118,85,3
350,119,86,16
351,119,84,6
352,119,90,1
353,119,85,1
354,120,86,24
355,120,91,4
356,120,84,6
357,120,92,5
358,120,81,5
359,120,85,4
360,120,89,4
361,121,86,14
362,121,84,2
363,121,89,4
364,121,85,1
365,121,87,1
366,122,86,12
367,122,84,24
368,122,93,4
369,122,94,4
370,122,85,2
371,123,86,16
372,123,84,2
373,123,94,1
374,123,85,1
375,124,86,28
376,124,95,6
377,124,84,8
378,124,96,2
379,124,87,6
380,124,85,4
381,124,89,2
382,125,86,28
383,125,34,10
384,125,84,10
385,125,85,6
386,125,89,6
387,126,97,1
388,127,97,1
389,127,98,1
390,128,86,30
391,128,84,16
392,128,93,6
393,128,95,4
394,128,85,8
395,128,89,6
396,129,99,4
397,129,100,4
398,129,53,2
399,130,101,1
400,130,100,1
401,131,99,40
402,131,100,6
403,131,102,6
404,132,99,30
405,132,90,4
406,132,93,4
407,132,102,4
408,133,99,12
409,133,53,3
410,133,56,3
411,134,103,8
412,134,104,20
413,134,101,50
414,134,52,25
415,134,105,10
416,134,106,10
417,134,107,10
418,135,32,2
419,135,97,3
420,136,101,4
421,136,53,6
422,136,56,6
423,137,106,6
424,137,107,12
425,137,101,12
426,137,105,1
427,137,104,4
428,138,106,10
429,138,107,4
430,138,101,16
431,138,104,6
432,139,106,8
433,139,107,14
434,139,101,12
435,139,104,8
436,139,108,4
437,140,106,12
438,140,107,12
439,140,101,10
440,140,104,6
441,140,109,12
442,141,106,16
443,141,107,10
444,141,101,10
445,141,104,12
446,141,110,4
447,142,99,20
448,142,111,10
449,142,112,2
450,142,93,2
451,143,99,12
452,143,111,6
453,143,112,2
454,143,113,4
455,144,99,20
456,144,111,14
457,144,114,2
458,145,99,18
459,145,111,12
460,145,114,2
461,146,99,16
462,146,111,10
463,146,114,1
464,147,99,20
465,147,115,10
466,147,84,10
467,148,99,12
468,148,115,6
469,148,84,6
470,148,113,2
471,149,99,16
472,149,115,8
473,149,84,8
474,149,116,1
475,150,117,14
476,150,118,4
477,150,53,2
478,151,117,14
479,151,113,4
480,152,119,8
481,152,117,24
482,152,118,8
483,152,53,4
484,153,119,8
485,153,117,24
486,153,113,8
487,153,120,1
488,154,119,15
489,154,117,36
490,154,113,12
491,154,109,10
492,154,108,4
493,155,119,18
494,155,117,40
495,155,118,12
496,155,53,10
497,155,110,4
498,156,101,15
499,156,104,10
500,156,121,20
501,156,115,20
502,156,122,10
503,156,123,2
504,157,101,12
505,157,118,20
506,157,53,10
507,157,124,2
508,158,101,12
509,158,125,2
510,158,120,2
511,158,113,4
512,159,104,18
513,159,90,4
514,160,104,26
515,160,90,4
516,161,101,10
517,161,118,10
518,161,113,2
519,161,93,6
520,161,108,6
521,161,114,6
522,161,100,4
523,162,99,40
524,162,118,2
525,162,56,4
526,162,35,4
527,162,110,1
528,163,99,40
529,163,126,10
530,163,127,4
531,163,93,4
532,164,99,20
533,164,118,6
534,164,52,2
535,164,93,4
536,165,99,20
537,165,118,4
538,165,55,4
539,165,127,4
540,166,99,20
541,166,118,4
542,166,84,6
543,166,72,6
544,166,108,2
545,167,99,80
546,167,101,12
547,167,128,40
548,167,127,10
549,167,108,4
550,168,101,15
551,168,118,20
552,168,53,10
553,168,127,4
554,168,114,4
555,169,101,6
556,169,118,16
557,169,53,6
558,169,114,2
559,169,108,1
560,170,101,10
561,170,118,20
562,170,55,6
563,170,127,2
564,170,110,1
565,171,101,8
566,171,118,24
567,171,53,4
568,171,55,4
569,171,110,2
570,171,108,2
571,172,101,30
572,172,118,30
573,172,110,6
574,172,108,6
575,173,118,10
576,173,52,4
577,173,90,4
578,173,108,2
579,173,100,2
580,174,101,15
581,174,108,8
582,174,129,1
583,174,114,4
584,174,113,8
585,174,100,2
586,175,101,18
587,175,127,8
588,175,108,8
589,175,55,4
590,175,100,2
591,175,113,4
592,176,99,20
593,176,118,6
594,176,110,2
595,176,62,4
596,176,102,4
597,177,118,6
598,177,101,2
599,177,62,4
600,177,114,2
601,177,127,2
602,177,110,1
603,178,99,50
604,178,101,15
605,178,109,4
606,178,113,6
607,178,53,10
608,179,118,20
609,179,110,8
610,179,114,8
611,179,53,6
612,179,113,4
613,180,99,30
614,180,118,4
615,180,93,4
616,180,127,4
617,180,100,2
618,180,102,4
619,181,99,40
620,181,101,12
621,181,121,10
622,181,110,8
623,181,100,2
624,181,113,4
625,182,101,20
626,182,113,6
627,182,100,2
628,183,130,2
629,183,131,1
630,183,3,1
631,184,132,3
632,184,131,2
633,184,16,1
634,185,133,3
635,185,134,2
636,185,16,1
637,186,50,3
638,186,30,2
639,186,29,1
640,187,135,3
641,187,28,2
642,187,29,1
643,188,136,2
644,188,28,3
645,188,59,1
646,189,136,2
647,189,30,3
648,189,59,1
649,190,137,2
650,190,64,1
651,191,138,1
652,191,139,1
653,191,137,2
654,191,64,1
655,192,140,1
656,192,141,1
657,192,139,1
658,193,142,1
659,193,139,1
660,193,138,1
661,193,141,2
662,194,143,3
663,194,64,1
664,195,142,1
665,195,139,2
666,195,144,1
667,195,66,1
668,196,143,2
669,196,142,1
670,196,145,1
671,196,146,1
672,197,143,4
673,197,66,1
674,198,138,3
675,198,143,4
676,198,147,1
677,199,148,1
678,199,77,1
679,200,143,4
680,200,144,2
681,200,147,1
682,200,66,1
683,201,149,1
684,201,23,1
685,202,150,2
686,202,66,1
687,203,144,6
688,203,149,1
689,203,151,2
690,203,152,1
691,203,141,1
692,204,143,1
693,204,153,1
694,205,143,1
695,205,153,1
696,206,143,1
697,206,153,1
698,207,154,1
699,207,155,2
700,207,78,4
701,207,156,2
702,207,157,1
703,208,148,2
704,208,149,2
705,208,142,1
706,208,77,1
707,209,150,2
708,209,144,3
709,209,147,1
710,210,148,1
711,210,149,2
712,210,153,2
713,210,77,1
714,211,158,1
715,211,149,1
716,211,150,2
717,211,66,2
718,212,144,2
719,212,159,1
720,212,143,1
721,213,150,1
722,213,78,1
723,214,150,1
724,214,78,1
725,215,150,1
726,215,78,1
727,216,149,1
728,216,79,1
729,217,149,3
730,217,83,2
731,217,81,1
732,217,148,1
733,218,148,4
734,218,160,1
735,218,150,4
736,218,153,4
737,219,70,6
738,219,149,2
739,219,151,2
740,219,83,2
741,219,161,2
742,219,162,1
743,220,70,1
744,220,150,1
745,220,83,1
746,221,160,2
747,221,158,1
748,221,163,2
749,221,78,4
750,222,164,1
751,222,83,1
752,223,150,1
753,223,78,1
754,224,150,1
755,224,78,1
756,225,150,1
757,225,78,1
758,226,148,1
759,226,81,1
760,226,92,1
761,227,160,1
762,227,158,1
763,227,163,1
764,227,78,4
765,228,165,1
766,228,150,1
767,228,83,1
768,229,70,3
769,229,150,3
770,229,147,1
771,230,86,8
772,230,163,4
773,230,166,4
774,230,79,1
775,231,150,3
776,231,70,2
777,231,163,1
778,232,158,1
779,232,160,4
780,232,163,4
781,232,92,2
782,232,162,1
783,233,163,4
784,233,81,2
785,233,74,2
786,233,92,2
787,233,162,1
788,234,164,2
789,234,78,2
790,234,146,1
791,235,86,1
792,235,88,1
793,235,164,1
794,236,164,1
795,236,88,2
796,237,167,1
797,237,168,1
798,238,155,2
799,238,86,4
800,238,164,5
801,238,169,1
802,238,48,1
803,239,86,8
804,239,92,1
805,239,32,4
806,240,86,8
807,240,92,1
808,240,48,4
809,241,88,1
810,241,164,3
811,241,157,1
812,242,91,1
813,242,163,2
814,242,162,1
815,242,86,2
816,242,84,1
817,243,170,1
818,243,90,1
819,243,162,1
820,243,86,6
821,244,155,1
822,244,87,2
823,244,89,2
824,245,155,1
825,245,171,2
826,245,172,4
827,245,164,2
828,245,86,4
829,246,173,1
830,246,157,1
831,246,164,1
832,247,174,1
833,247,86,4
834,247,84,2
835,247,157,1
836,247,87,2
837,248,89,4
838,248,87,2
839,248,175,1
840,249,155,2
841,249,157,1
842,249,176,1
843,249,86,6
844,249,92,2
845,250,89,4
846,250,93,2
847,251,177,4
848,251,171,2
849,251,157,1
850,251,164,4
851,252,154,1
852,252,155,2
853,252,78,4
854,252,164,8
855,252,163,4
856,253,164,1
857,253,89,1
858,254,164,1
859,254,89,1
860,255,164,1
861,255,89,1
862,256,178,1
863,256,156,1
864,256,157,1
865,256,173,1
866,257,86,8
867,257,173,1
868,257,84,1
869,257,152,4
870,257,141,4
871,258,173,2
872,258,164,4
873,258,84,6
874,258,157,1
875,258,179,2
876,259,173,1
877,259,84,6
878,259,86,6
879,259,178,2
880,259,169,1
881,259,81,2
882,260,173,2
883,260,157,1
884,260,164,2
885,261,173,1
886,261,156,1
887,261,180,6
888,261,157,1
889,262,86,10
890,262,84,4
891,262,169,1
892,262,93,2
893,262,88,4
894,263,155,1
895,263,93,1
896,263,84,2
897,264,155,2
898,264,157,1
899,264,121,1
900,264,34,4
901,264,178,1
902,265,155,2
903,265,156,4
904,265,86,6
905,265,84,6
906,265,157,1
907,266,181,1
908,266,156,4
909,266,86,4
910,266,157,1
911,267,86,14
912,267,90,4
913,267,84,4
914,267,178,2
915,267,156,2
916,267,93,2
917,268,173,1
918,268,99,6
919,268,169,1
920,268,157,4
921,269,182,2
922,269,98,3
923,270,182,2
924,270,98,2
925,270,183,1
926,271,184,1
927,271,99,3
928,271,182,3
929,271,98,3
930,272,155,2
931,272,173,2
932,272,184,2
933,272,99,4
934,272,185,1
935,273,184,6
936,273,186,2
937,273,127,2
938,273,52,4
939,273,79,2
940,273,46,4
941,274,56,1
942,274,184,4
943,274,169,1
944,274,102,1
945,275,187,1
946,275,93,4
947,275,113,2
948,275,98,8
949,276,173,1
950,276,188,1
951,276,184,2
952,276,84,1
953,276,102,2
954,276,98,4
955,277,188,2
956,277,186,1
957,277,98,2
958,278,184,2
959,278,182,3
960,278,102,2
961,278,146,1
962,279,182,1
963,279,102,1
964,280,182,1
965,280,102,1
966,281,182,1
967,281,102,1
968,282,178,4
969,282,156,4
970,282,186,2
971,282,173,1
972,283,184,2
973,283,104,1
974,283,182,3
975,283,98,3
976,284,189,2
977,284,169,1
978,284,184,1
979,284,114,1
980,285,104,4
981,285,186,3
982,285,55,6
983,285,93,4
984,285,108,2
985,286,189,1
986,286,99,3
987,286,98,1
988,287,190,1
989,287,189,8
990,287,118,10
991,287,184,6
992,287,169,4
993,287,113,6
994,288,101,10
995,288,188,2
996,288,52,2
997,288,53,2
998,288,108,2
999,288,113,2
1000,289,106,2
1001,289,53,2
1002,289,189,4
1003,289,104,6
1004,289,188,1
1005,290,107,4
1006,290,106,2
1007,290,101,6
1008,290,189,2
1009,290,188,2
1010,291,101,6
1011,291,189,2
1012,291,54,8
1013,291,56,12
1014,291,53,8
1015,292,104,8
1016,292,186,4
1017,292,56,6
1018,292,121,4
1019,292,108,2
1020,292,114,2
1021,293,112,4
1022,293,111,5
1023,293,189,2
1024,293,62,8
1025,293,113,4
1026,294,112,5
1027,294,111,5
1028,294,189,1
1029,294,62,8
1030,294,113,4
1031,295,167,1
1032,295,168,1
1033,296,99,12
1034,296,102,4
1035,296,162,1
1036,296,32,2
1037,296,48,1
1038,297,86,12
1039,297,186,2
1040,297,91,4
1041,297,191,2
1042,297,87,4
1043,297,178,1
1044,298,86,10
1045,298,186,1
1046,298,90,4
1047,298,93,2
1048,298,192,1
1049,299,193,1
1050,299,184,4
1051,299,191,2
1052,299,186,2
1053,299,169,1
1054,300,155,1
1055,300,157,1
1056,300,86,4
1057,300,194,4
1058,300,81,2
1059,301,173,1
1060,301,184,2
1061,301,169,1
1062,301,157,1
1063,301,92,1
1064,302,99,4
1065,302,184,2
1066,302,102,4
1067,302,93,1
1068,302,162,1
1069,303,184,2
1070,303,186,2
1071,303,162,2
1072,303,195,2
1073,303,93,2
1074,304,145,1
1075,305,145,4
1076,305,196,2
1077,306,145,3
1078,306,196,4
1079,307,153,4
1080,307,196,1
1081,308,197,1
1082,308,198,1
1083,308,199,1
1084,308,200,1
1085,309,201,6
1086,309,153,4
1087,309,199,1
1088,310,153,8
1089,310,202,4
1090,310,199,2
1091,311,153,8
1092,311,19,4
1093,311,199,2
1094,312,153,12
1095,312,32,2
1096,312,203,2
1097,312,199,2
1098,313,78,5
1099,313,199,1
1100,314,78,8
1101,314,199,2
1102,315,78,8
1103,315,199,2
1104,316,78,2
1105,316,199,1
1106,317,204,4
1107,317,78,10
1108,317,199,2
1109,318,78,6
1110,318,32,2
1111,318,49,2
1112,318,199,2
1113,319,205,4
1114,319,206,2
1115,319,81,2
1116,319,92,1
1117,319,199,1
1118,320,78,8
1119,320,32,4
1120,320,207,1
1121,321,78,6
1122,321,205,2
1123,321,208,2
1124,321,209,1
1125,321,207,1
1126,321,210,1
1127,322,78,10
1128,322,211,2
1129,322,172,2
1130,322,207,1
1131,323,89,5
1132,323,207,1
1133,324,89,6
1134,324,212,8
1135,324,94,2
1136,324,205,2
1137,324,161,4
1138,324,213,1
1139,325,89,12
1140,325,214,1
1141,325,215,1
1142,325,207,4
1143,326,89,10
1144,326,214,1
1145,326,216,1
1146,326,207,6
1147,327,89,16
1148,327,213,2
1149,328,89,40
1150,328,90,8
1151,328,91,4
1152,328,214,2
1153,328,213,4
1154,329,102,5
1155,330,89,40
1156,330,217,30
1157,330,213,4
1158,330,214,4
1159,331,102,30
1160,331,109,2
1161,331,55,4
1162,331,193,2
1163,331,218,2
1164,332,219,3
1165,332,218,2
1166,333,102,12
1167,333,220,8
1168,333,221,60
1169,333,193,4
1170,333,218,4
1171,334,113,8
1172,334,56,4
1173,334,109,4
1174,334,193,2
1175,334,218,2
1176,335,222,8
1177,335,193,3
1178,335,56,4
1179,335,218,3
1180,336,222,10
1181,336,193,4
1182,336,56,4
1183,336,218,3
1184,337,222,14
1185,337,193,5
1186,337,56,4
1187,337,218,4
1188,338,223,1
1189,338,224,20
1190,338,52,2
1191,339,223,2
1192,339,224,30
1193,339,52,2
1194,339,193,1
1195,340,223,3
1196,340,224,40
1197,340,52,2
1198,340,193,2
1199,341,113,12
1200,341,225,6
1201,341,56,4
1202,341,193,4
1203,341,195,6
1204,342,226,1
1205,342,227,1
1206,342,218,1
1207,343,102,4
1208,343,228,2
1209,343,229,1
1210,343,218,1
1211,344,113,6
1212,344,55,4
1213,344,54,4
1214,344,193,2
1215,344,195,2
1216,345,89,24
1217,345,217,12
1218,345,213,4
1219,345,214,2
1220,346,102,40
1221,346,230,60
1222,346,193,1
1223,346,218,2
1224,347,102,40
1225,347,231,30
1226,347,218,1
1227,348,102,44
1228,348,230,45
1229,348,113,2
1230,348,193,1
1231,348,218,1
1232,349,102,40
1233,349,230,60
1234,349,113,4
1235,349,193,1
1236,349,218,2
1237,350,113,6
1238,350,230,30
1239,350,107,4
1240,350,106,3
1241,350,218,2
1242,351,102,30
1243,351,232,12
1244,351,230,30
1245,351,231,30
1246,351,193,5
1247,351,218,8
1248,352,107,5
1249,352,106,2
1250,352,219,4
1251,352,232,4
1252,352,193,4
1253,352,195,4
1254,353,89,20
1255,353,191,8
1256,353,91,2
1257,353,214,1
1258,353,213,4
1259,354,102,12
1260,354,56,4
1261,354,218,1
1262,355,102,16
1263,355,55,2
1264,355,54,2
1265,355,218,1
1266,356,102,16
1267,356,56,6
1268,356,193,1
1269,356,218,1
1270,357,102,16
1271,357,55,3
1272,357,54,3
1273,357,193,1
1274,357,218,1
1275,358,102,12
1276,358,55,3
1277,358,54,3
1278,358,113,2
1279,358,218,1
1280,359,102,16
1281,359,56,8
1282,359,233,2
1283,359,193,1
1284,359,218,2
1285,360,219,15
1286,360,107,3
1287,360,106,6
1288,360,218,2
1289,361,102,30
1290,361,54,12
1291,361,123,4
1292,361,109,8
1293,361,193,4
1294,361,218,8
1295,362,89,18
1296,362,234,2
1297,362,128,8
1298,362,213,4
1299,362,214,2
1300,363,102,30
1301,363,122,8
1302,363,218,1
1303,364,102,30
1304,364,122,14
1305,364,193,1
1306,364,218,1
1307,365,102,30
1308,365,56,12
1309,365,55,10
1310,365,220,8
1311,365,193,3
1312,365,218,8
1313,366,107,8
1314,366,219,12
1315,366,113,10
1316,366,193,4
1317,366,195,4
1318,367,203,6
1319,367,206,1
1320,367,199,3
1321,368,203,4
1322,368,206,1
1323,368,199,4
1324,368,235,2
1325,369,236,4
1326,369,237,2
1327,369,199,3
1328,370,236,3
1329,370,78,2
1330,370,237,2
1331,370,199,2
1332,371,236,3
1333,371,78,2
1334,371,238,2
1335,371,199,2
1336,372,236,5
1337,372,237,4
1338,373,236,3
1339,373,78,2
1340,373,239,4
1341,373,199,1
1342,374,236,4
1343,374,207,1
1344,374,51,1
1345,375,236,4
1346,375,49,1
1347,375,237,2
1348,375,199,2
1349,375,210,1
1350,376,236,3
1351,376,237,2
1352,376,199,2
1353,377,236,4
1354,377,172,2
1355,377,210,1
1356,378,177,2
1357,378,32,2
1358,378,49,2
1359,378,48,2
1360,378,80,2
1361,378,207,2
1362,379,236,6
1363,379,240,2
1364,379,237,2
1365,379,207,2
1366,380,177,4
1367,380,78,4
1368,380,92,1
1369,380,210,1
1370,380,207,1
1371,381,236,6
1372,381,48,2
1373,381,20,2
1374,381,89,2
1375,381,241,4
1376,381,207,2
1377,382,177,3
1378,382,171,2
1379,382,213,1
1380,383,177,2
1381,383,213,2
1382,384,177,3
1383,384,171,2
1384,384,213,1
1385,385,177,3
1386,385,241,2
1387,385,213,1
1388,386,177,3
1389,386,241,2
1390,386,213,2
1391,387,177,4
1392,387,35,4
1393,387,47,2
1394,387,213,2
1395,388,177,5
1396,388,90,2
1397,388,213,2
1398,389,177,6
1399,389,35,6
1400,389,47,2
1401,389,213,2
1402,390,177,5
1403,390,171,5
1404,390,213,2
1405,391,177,5
1406,391,171,4
1407,391,213,2
1408,392,177,3
1409,392,242,6
1410,392,213,2
1411,393,177,6
1412,393,171,6
1413,393,213,3
1414,393,89,2
1415,394,177,2
1416,394,171,8
1417,394,213,2
1418,395,177,5
1419,395,90,1
1420,395,213,3
1421,395,89,2
1422,396,177,8
1423,396,35,4
1424,396,47,2
1425,396,213,3
1426,396,84,1
1427,396,81,1
1428,397,177,5
1429,397,213,3
1430,398,228,5
1431,398,191,2
1432,398,218,1
1433,399,228,5
1434,399,191,2
1435,399,218,1
1436,400,228,5
1437,400,90,3
1438,400,218,1
1439,401,228,3
1440,401,243,2
1441,401,195,1
1442,401,218,1
1443,402,228,3
1444,402,55,1
1445,402,218,1
1446,403,228,4
1447,403,90,3
1448,403,218,1
1449,404,228,4
1450,404,243,2
1451,404,195,1
1452,404,218,1
1453,405,228,6
1454,405,243,4
1455,405,195,1
1456,405,218,1
1457,406,228,4
1458,406,102,4
1459,406,218,1
1460,407,228,5
1461,407,52,1
1462,407,218,1
1463,408,228,5
1464,408,244,4
1465,408,218,1
1466,409,228,4
1467,409,72,2
1468,409,218,1
1469,410,228,6
1470,410,52,4
1471,410,90,4
1472,410,48,4
1473,410,218,1
1474,411,228,6
1475,411,55,1
1476,411,218,1
1477,412,228,6
1478,412,52,1
1479,412,218,1
1480,413,228,10
1481,413,244,12
1482,413,121,4
1483,413,55,4
1484,413,218,1
1485,414,228,6
1486,414,244,4
1487,414,102,4
1488,414,218,1
1489,415,228,6
1490,415,243,4
1491,415,218,1
1492,416,228,5
1493,416,244,4
1494,416,218,1
1495,417,228,8
1496,417,53,3
1497,417,56,3
1498,417,195,2
1499,418,228,8
1500,418,244,8
1501,418,126,4
1502,418,218,2
1503,419,228,7
1504,419,244,6
1505,419,126,4
1506,419,102,4
1507,419,218,2
1508,420,228,10
1509,420,233,10
1510,420,243,10
1511,420,245,6
1512,420,110,6
1513,420,113,8
1514,420,218,2
1515,421,228,12
1516,421,233,10
1517,421,129,4
1518,421,245,4
1519,421,243,10
1520,421,218,2
1521,422,228,12
1522,422,52,10
1523,422,54,10
1524,422,53,10
1525,422,55,10
1526,422,218,2
1527,423,228,12
1528,423,126,20
1529,423,244,40
1530,423,52,12
1531,423,121,12
1532,423,218,2
1533,424,233,6
1534,424,107,8
1535,424,52,2
1536,424,113,6
1537,424,218,4
1538,425,228,16
1539,425,243,10
1540,425,233,10
1541,425,55,12
1542,425,52,12
1543,425,136,6
1544,425,218,6
1545,426,228,12
1546,426,244,20
1547,426,126,6
1548,426,121,8
1549,426,218,2
1550,427,228,12
1551,427,52,10
1552,427,93,2
1553,427,218,2
1554,428,228,12
1555,428,109,4
1556,428,101,1
1557,428,218,2
1558,429,233,5
1559,429,53,5
1560,429,56,5
1561,429,195,2
1562,430,233,10
1563,430,107,2
1564,430,106,3
1565,430,52,6
1566,430,195,4
1567,431,233,8
1568,431,107,5
1569,431,106,3
1570,431,52,10
1571,431,195,4
1572,432,233,3
1573,432,112,3
1574,432,113,4
1575,432,228,4
1576,432,195,4
1577,433,233,4
1578,433,112,4
1579,433,62,4
1580,433,228,4
1581,433,195,2
1582,434,233,3
1583,434,112,5
1584,434,62,4
1585,434,228,4
1586,434,195,2
1587,435,228,2
1588,435,115,6
1589,435,244,2
1590,435,113,2
1591,435,195,2
1592,436,228,4
1593,436,115,6
1594,436,244,4
1595,436,113,2
1596,436,195,2
1597,437,228,6
1598,437,115,8
1599,437,244,6
1600,437,195,2
1601,438,236,3
1602,438,153,2
1603,438,238,1
1604,438,199,2
1605,439,4,2
1606,439,5,2
1607,439,3,1
1608,440,246,2
1609,440,3,1
1610,441,247,2
1611,441,3,1
1612,442,28,1
1613,442,248,1
1614,442,16,1
1615,443,70,4
1616,443,57,1
1617,443,30,4
1618,443,28,4
1619,444,70,1
1620,445,86,1
1621,446,38,2
1622,446,249,1
1623,446,29,1
1624,447,250,1
1625,447,16,1
1626,448,99,1
1627,448,251,1
1628,449,54,1
1629,450,53,1
1630,451,53,1
1631,452,52,1
1632,453,55,1
1633,454,55,1
1634,455,90,1
1635,456,252,1
1636,456,19,1
1637,456,16,1
1638,457,12,1
1639,457,21,1
1640,457,16,1
1641,458,80,1
1642,458,41,1
1643,458,29,1
1644,459,226,1
1645,460,138,2
1646,461,138,4
1647,462,138,4
1648,463,138,6
1649,463,253,1
1650,463,64,2
1651,464,138,8
1652,465,138,6
1653,465,253,1
1654,465,64,2
1655,466,63,2
1656,467,138,6
1657,467,253,1
1658,467,64,2
1659,468,138,6
1660,468,253,1
1661,468,68,1
1662,468,145,1
1663,469,138,10
1664,469,253,2
1665,469,68,1
1666,469,145,1
1667,470,138,12
1668,470,253,2
1669,470,141,2
1670,470,68,2
1671,470,145,2
1672,471,138,8
1673,471,141,1
1674,471,68,2
1675,472,138,6
1676,473,138,8
1677,473,68,2
1678,474,138,8
1679,474,199,2
1680,474,68,3
1681,475,138,8
1682,475,152,1
1683,475,141,1
1684,476,138,12
1685,476,253,2
1686,476,145,2
1687,477,65,2
1688,478,138,12
1689,478,161,1
1690,478,68,2
1691,479,138,10
1692,479,68,3
1693,480,138,10
1694,480,253,2
1695,480,67,2
1696,480,68,2
1697,480,145,2
1698,481,138,10
1699,482,138,14
1700,482,253,2
1701,482,152,2
1702,482,153,2
1703,483,144,6
1704,483,68,6
1705,484,144,6
1706,484,253,4
1707,484,68,2
1708,484,152,1
1709,484,153,1
1710,485,67,1
1711,485,68,2
1712,486,138,16
1713,486,152,2
1714,486,68,3
1715,487,144,6
1716,488,144,7
1717,489,144,5
1718,489,161,1
1719,489,71,1
1720,490,144,6
1721,490,253,4
1722,490,153,1
1723,491,144,6
1724,491,76,1
1725,491,254,2
1726,491,71,2
1727,492,144,7
1728,492,253,4
1729,492,153,1
1730,493,144,5
1731,493,253,4
1732,493,153,2
1733,494,144,5
1734,494,71,2
1735,495,144,4
1736,495,76,1
1737,495,211,1
1738,495,161,2
1739,495,71,2
1740,495,153,2
1741,496,144,8
1742,496,67,2
1743,496,71,2
1744,497,69,3
1745,498,144,8
1746,498,76,1
1747,498,153,1
1748,499,144,8
1749,499,76,1
1750,499,77,1
1751,499,161,1
1752,499,71,2
1753,499,153,2
1754,500,144,6
1755,500,67,1
1756,500,71,2
1757,501,144,10
1758,501,67,2
1759,501,71,2
1760,501,74,1
1761,502,144,12
1762,502,76,2
1763,502,153,2
1764,503,144,8
1765,503,67,1
1766,503,71,2
1767,504,144,14
1768,504,76,1
1769,504,153,2
1770,505,144,10
1771,505,76,1
1772,505,206,1
1773,505,71,2
1774,505,153,2
1775,506,70,6
1776,506,76,2
1777,506,255,1
1778,506,74,2
1779,506,71,2
1780,506,153,2
1781,507,70,4
1782,507,74,2
1783,507,71,2
1784,507,256,1
1785,508,144,20
1786,508,77,2
1787,508,74,2
1788,508,206,2
1789,508,67,4
1790,509,70,4
1791,509,254,2
1792,509,71,2
1793,509,256,1
1794,510,70,1
1795,511,72,1
1796,511,71,2
1797,512,70,8
1798,512,76,2
1799,512,73,1
1800,512,67,4
1801,512,78,2
1802,513,70,8
1803,513,73,1
1804,513,256,1
1805,514,144,12
1806,514,67,4
1807,514,71,2
1808,515,70,6
1809,515,76,2
1810,515,73,1
1811,515,74,2
1812,515,78,3
1813,516,70,7
1814,516,73,1
1815,516,256,1
1816,517,70,8
1817,517,10,4
1818,517,161,2
1819,517,73,2
1820,518,70,20
1821,518,73,4
1822,519,70,6
1823,519,256,1
1824,520,70,10
1825,520,72,4
1826,520,74,2
1827,520,76,2
1828,520,78,2
1829,520,73,2
1830,521,70,12
1831,521,92,1
1832,521,256,1
1833,522,70,10
1834,522,72,2
1835,522,73,1
1836,523,70,8
1837,523,76,2
1838,523,73,2
1839,523,81,2
1840,523,78,3
1841,524,75,6
1842,524,72,2
1843,524,73,1
1844,525,70,10
1845,525,25,2
1846,525,10,2
1847,526,75,8
1848,526,76,2
1849,526,73,2
1850,526,74,3
1851,526,78,3
1852,527,70,20
1853,527,73,4
1854,527,81,2
1855,527,77,2
1856,527,257,1
1857,528,70,12
1858,528,25,4
1859,528,152,4
1860,528,73,2
1861,529,70,14
1862,529,76,2
1863,529,73,2
1864,529,72,4
1865,529,78,2
1866,530,75,8
1867,530,92,1
1868,530,74,1
1869,530,73,2
1870,531,75,5
1871,531,73,2
1872,532,70,14
1873,532,73,3
1874,532,25,2
1875,533,75,8
1876,533,72,2
1877,533,73,2
1878,534,75,12
1879,534,72,2
1880,534,73,4
1881,534,81,2
1882,535,75,10
1883,535,76,2
1884,535,73,3
1885,535,92,2
1886,535,51,1
1887,535,78,3
1888,536,75,10
1889,536,72,4
1890,536,73,4
1891,536,92,1
1892,537,75,16
1893,537,73,3
1894,538,82,4
1895,539,86,5
1896,539,72,1
1897,539,84,1
1898,540,84,1
1899,540,73,1
1900,541,86,8
1901,541,78,6
1902,542,86,6
1903,542,88,4
1904,543,75,10
1905,543,72,4
1906,543,73,4
1907,543,92,1
1908,544,86,10
1909,544,74,2
1910,545,86,12
1911,545,92,2
1912,545,85,1
1913,545,78,4
1914,546,75,14
1915,546,85,1
1916,547,86,8
1917,547,92,2
1918,548,86,16
1919,548,87,2
1920,548,85,1
1921,548,89,4
1922,549,86,10
1923,549,84,8
1924,549,87,3
1925,549,92,3
1926,549,258,1
1927,549,85,2
1928,550,86,14
1929,550,84,4
1930,550,85,1
1931,550,89,2
1932,551,86,16
1933,552,86,10
1934,552,88,6
1935,553,86,16
1936,553,94,1
1937,553,161,4
1938,553,85,1
1939,553,89,2
1940,554,86,14
1941,554,89,4
1942,554,92,4
1943,555,86,14
1944,555,89,4
1945,556,86,14
1946,556,87,1
1947,556,74,2
1948,556,77,2
1949,556,85,1
1950,556,88,2
1951,557,86,14
1952,557,87,1
1953,558,86,18
1954,558,91,2
1955,558,85,1
1956,558,89,4
1957,559,97,4
1958,560,99,16
1959,560,127,1
1960,560,259,4
1961,561,99,12
1962,561,260,4
1963,562,86,12
1964,562,84,6
1965,562,93,2
1966,562,85,1
1967,562,89,2
1968,563,99,12
1969,563,261,4
1970,564,99,10
1971,564,90,2
1972,565,99,24
1973,565,102,6
1974,565,92,2
1975,566,99,22
1976,566,102,6
1977,566,87,1
1978,567,104,10
1979,567,90,2
1980,568,99,18
1981,568,90,2
1982,568,93,1
1983,569,99,20
1984,569,93,1
1985,570,99,20
1986,570,114,2
1987,570,100,2
1988,570,102,4
1989,571,101,3
1990,571,100,1
1991,572,104,6
1992,572,90,1
1993,573,99,20
1994,573,102,8
1995,573,262,4
1996,574,99,24
1997,574,93,1
1998,574,259,4
1999,575,99,18
2000,575,90,4
2001,576,99,14
2002,576,90,4
2003,577,99,8
2004,577,84,6
2005,577,129,1
2006,578,99,34
2007,578,93,1
2008,578,87,1
2009,579,99,34
2010,579,93,2
2011,580,99,18
2012,580,90,4
2013,581,99,26
2014,581,260,4
2015,582,99,40
2016,582,93,2
2017,583,99,20
2018,583,101,2
2019,583,72,6
2020,584,99,20
2021,584,101,2
2022,584,67,10
2023,585,99,20
2024,585,90,4
2025,586,99,30
2026,586,101,2
2027,586,84,2
2028,586,110,1
2029,587,99,44
2030,587,93,2
2031,588,99,40
2032,588,101,2
2033,588,93,1
2034,589,99,40
2035,589,101,2
2036,589,93,1
2037,590,101,2
2038,590,84,10
2039,590,129,1
2040,591,106,4
2041,591,107,2
2042,591,104,4
2043,592,106,3
2044,592,107,5
2045,592,219,4
2046,592,104,4
2047,592,105,2
2048,593,99,16
2049,593,111,8
2050,593,112,2
2051,593,93,1
2052,594,106,3
2053,594,107,3
2054,594,219,4
2055,594,104,6
2056,595,144,4
2057,596,138,12
2058,596,141,2
2059,596,68,2
2060,597,144,8
2061,597,161,3
2062,597,71,4
2063,598,86,8
2064,598,78,6
2065,598,88,4
2066,599,86,12
2067,599,32,1
2068,600,99,20
2069,600,101,4
2070,600,110,2
2071,600,55,2
2072,601,99,16
2073,601,100,2
2074,601,102,4
2075,602,99,30
2076,602,56,6
2077,602,35,6
2078,602,114,6
2079,602,100,2
2080,602,102,8
2081,603,99,30
2082,603,72,4
2083,603,84,2
2084,603,127,2
2085,603,102,4
2086,604,99,30
2087,604,114,2
2088,604,100,2
2089,604,102,4
2090,605,118,10
2091,605,101,10
2092,605,126,8
2093,605,93,10
2094,605,100,2
2095,606,118,20
2096,606,62,20
2097,606,110,2
2098,606,108,2
2099,606,100,2
2100,607,104,20
2101,607,90,8
2102,608,104,16
2103,608,107,3
2104,608,106,3
2105,609,104,16
2106,609,107,3
2107,609,106,3
2108,610,99,40
2109,610,118,4
2110,610,263,60
2111,610,114,6
2112,610,110,2
2113,611,104,16
2114,611,107,4
2115,611,106,6
2116,612,104,16
2117,612,107,4
2118,612,106,5
2119,613,99,40
2120,613,101,2
2121,613,126,16
2122,613,121,8
2123,613,127,2
2124,613,100,2
2125,613,102,4
2126,614,104,16
2127,614,107,12
2128,614,105,2
2129,614,113,2
2130,615,104,18
2131,615,106,12
2132,615,105,2
2133,615,113,2
2134,616,264,1
2135,616,130,1
2136,616,265,1
2137,617,266,1
2138,617,265,1
2139,618,266,1
2140,618,267,1
2141,619,268,1
2142,619,130,6
2143,619,267,3
2144,619,161,1
2145,620,269,1
2146,620,206,1
2147,620,270,2
2148,620,132,2
2149,621,271,1
2150,621,272,1
2151,621,132,1
2152,622,271,1
2153,622,273,1
2154,622,133,1
2155,623,274,1
2156,623,94,1
2157,623,273,2
2158,623,133,2
2159,624,102,1
2160,624,275,1
2161,625,99,1
2162,625,50,3
2163,626,105,1
2164,626,52,1
2165,626,276,3
2166,627,277,1
2167,627,245,1
2168,627,135,10
2169,627,278,4
2170,627,276,4
2171,627,136,2
2172,628,279,1
2173,628,135,2
2174,628,278,2
2175,629,63,1
2176,630,137,1
2177,630,138,1
2178,631,138,1
2179,632,138,2
2180,632,253,1
2181,633,140,1
2182,633,139,1
2183,633,280,1
2184,634,138,6
2185,635,139,2
2186,635,138,1
2187,635,64,2
2188,636,65,1
2189,637,143,1
2190,637,138,1
2191,638,67,1
2192,639,145,6
2193,639,152,2
2194,640,144,1
2195,640,139,2
2196,640,253,1
2197,641,140,2
2198,641,139,4
2199,641,280,1
2200,641,153,2
2201,642,144,2
2202,642,253,1
2203,643,148,2
2204,643,139,2
2205,643,176,1
2206,643,77,3
2207,644,153,4
2208,644,161,2
2209,645,144,2
2210,645,66,1
2211,646,69,1
2212,647,150,1
2213,647,144,1
2214,648,148,2
2215,648,149,2
2216,648,176,1
2217,648,67,3
2218,649,144,2
2219,649,153,1
2220,649,66,1
2221,650,148,3
2222,650,149,3
2223,650,176,1
2224,650,74,2
2225,651,153,4
2226,651,77,2
2227,651,281,1
2228,652,72,1
2229,653,70,2
2230,654,70,1
2231,654,169,1
2232,655,82,2
2233,656,78,6
2234,656,92,2
2235,657,75,4
2236,658,78,6
2237,658,92,2
2238,659,86,3
2239,660,86,1
2240,660,88,1
2241,660,164,1
2242,661,282,1
2243,661,92,2
2244,661,48,2
2245,661,78,4
2246,662,155,1
2247,662,157,1
2248,662,176,1
2249,662,86,4
2250,662,48,2
2251,663,86,1
2252,663,164,1
2253,664,283,1
2254,664,155,1
2255,664,169,2
2256,664,194,2
2257,664,78,2
2258,665,86,3
2259,666,89,6
2260,666,93,2
2261,667,86,2
2262,667,164,2
2263,668,89,8
2264,668,81,3
2265,668,87,3
2266,668,47,2
2267,668,35,2
2268,669,97,2
2269,670,99,3
2270,670,98,1
2271,671,84,2
2272,671,32,2
2273,671,80,1
2274,672,188,2
2275,672,104,6
2276,672,185,2
2277,672,127,2
2278,672,114,2
2279,672,102,4
2280,673,99,6
2281,674,101,1
2282,674,195,1
2283,675,99,2
2284,675,182,1
2285,676,283,1
2286,676,110,2
2287,676,113,4
2288,677,284,100
2289,677,164,2
2290,677,86,2
2291,678,173,1
2292,678,164,2
2293,678,169,1
2294,678,86,2
2295,679,173,1
2296,679,86,2
2297,679,163,1
2298,679,157,1
2299,680,155,1
2300,680,157,1
2301,680,86,4
2302,681,173,1
2303,681,86,2
2304,681,163,1
2305,681,157,1
2306,682,145,2
2307,682,196,1
2308,683,285,3
2309,684,145,3
2310,684,196,1
2311,685,145,2
2312,685,196,1
2313,686,145,2
2314,686,196,3
2315,687,145,4
2316,687,196,1
2317,688,145,6
2318,688,196,1
2319,689,286,1
2320,689,287,1
2321,690,145,5
2322,690,196,5
2323,691,288,3
2324,691,145,4
2325,691,196,1
2326,692,145,8
2327,692,196,4
2328,693,145,3
2329,693,196,2
2330,694,145,8
2331,694,196,5
2332,695,145,5
2333,695,196,2
2334,696,145,8
2335,696,196,2
2336,696,235,1
2337,697,289,1
2338,697,145,6
2339,697,196,2
2340,698,289,1
2341,698,145,4
2342,698,196,2
2343,699,145,6
2344,699,196,2
2345,700,145,10
2346,700,199,2
2347,701,289,3
2348,701,145,6
2349,701,196,4
2350,702,290,8
2351,702,145,6
2352,702,199,1
2353,703,291,8
2354,703,289,1
2355,703,199,1
2356,704,145,6
2357,704,289,1
2358,704,196,4
2359,704,254,1
2360,705,145,7
2361,705,196,2
2362,706,145,6
2363,706,196,4
2364,707,290,12
2365,707,289,1
2366,707,145,8
2367,707,199,1
2368,708,145,10
2369,708,289,1
2370,708,199,1
2371,709,292,1
2372,709,289,2
2373,709,196,2
2374,710,293,1
2375,710,287,1
2376,711,294,12
2377,711,153,4
2378,711,199,1
2379,712,145,4
2380,713,153,8
2381,713,294,8
2382,713,289,1
2383,713,199,2
2384,714,153,4
2385,714,199,2
2386,714,200,1
2387,715,153,6
2388,715,199,1
2389,715,200,1
2390,716,153,8
2391,716,203,1
2392,716,199,1
2393,717,295,2
2394,717,291,6
2395,717,199,2
2396,718,153,8
2397,718,199,1
2398,718,200,1
2399,719,153,12
2400,719,200,1
2401,719,199,1
2402,720,295,10
2403,720,291,10
2404,720,199,2
2405,721,153,8
2406,721,296,1
2407,721,199,2
2408,722,297,1
2409,722,153,6
2410,722,199,1
2411,723,153,10
2412,723,289,2
2413,723,199,2
2414,724,298,1
2415,724,198,1
2416,724,199,2
2417,724,200,1
2418,725,198,1
2419,725,153,4
2420,725,199,1
2421,726,153,4
2422,726,198,2
2423,726,299,2
2424,726,300,2
2425,726,199,2
2426,727,153,6
2427,727,32,1
2428,727,199,2
2429,728,153,12
2430,728,301,1
2431,728,200,1
2432,728,199,2
2433,729,153,10
2434,729,302,2
2435,729,199,2
2436,730,153,14
2437,730,199,4
2438,731,78,5
2439,731,199,2
2440,732,78,6
2441,732,25,2
2442,732,199,1
2443,733,303,1
2444,733,287,3
2445,734,153,5
2446,735,78,9
2447,735,256,2
2448,735,199,4
2449,736,78,8
2450,736,205,2
2451,736,254,4
2452,736,304,1
2453,736,25,4
2454,737,205,1
2455,737,78,5
2456,737,199,1
2457,737,256,1
2458,737,210,1
2459,738,78,12
2460,738,236,2
2461,738,199,2
2462,739,304,4
2463,739,78,4
2464,739,199,2
2465,740,304,6
2466,740,78,4
2467,740,199,2
2468,741,78,10
2469,741,305,1
2470,741,199,2
2471,742,205,2
2472,742,78,4
2473,742,199,1
2474,742,210,1
2475,743,306,12
2476,743,205,1
2477,743,78,10
2478,743,199,3
2479,744,78,10
2480,744,199,2
2481,744,77,1
2482,745,205,2
2483,745,78,12
2484,745,51,1
2485,745,199,2
2486,746,78,8
2487,746,205,1
2488,746,199,2
2489,747,78,10
2490,747,51,1
2491,747,199,2
2492,748,205,2
2493,748,78,6
2494,748,256,1
2495,748,199,1
2496,749,78,14
2497,749,236,2
2498,749,207,2
2499,750,78,16
2500,750,305,1
2501,750,207,2
2502,751,78,14
2503,751,199,2
2504,751,210,1
2505,752,306,16
2506,752,205,1
2507,752,78,14
2508,752,207,1
2509,753,78,4
2510,753,205,1
2511,753,207,1
2512,754,204,6
2513,754,78,8
2514,754,207,2
2515,755,78,6
2516,755,205,2
2517,755,207,1
2518,756,78,10
2519,756,236,2
2520,756,305,2
2521,756,210,1
2522,757,78,8
2523,757,212,2
2524,757,51,1
2525,757,207,2
2526,758,307,1
2527,758,183,1
2528,759,78,12
2529,759,205,2
2530,759,207,2
2531,760,78,6
2532,761,89,7
2533,761,207,2
2534,762,89,5
2535,762,207,2
2536,763,89,6
2537,763,308,8
2538,763,213,1
2539,764,89,6
2540,764,308,12
2541,764,213,1
2542,765,89,8
2543,765,88,6
2544,765,207,3
2545,766,89,8
2546,766,308,12
2547,766,213,1
2548,767,89,10
2549,767,194,4
2550,767,213,1
2551,768,89,12
2552,768,309,12
2553,768,207,4
2554,769,89,10
2555,769,35,1
2556,769,214,1
2557,770,89,8
2558,770,194,6
2559,770,213,1
2560,771,89,10
2561,771,309,4
2562,771,207,2
2563,772,89,6
2564,772,309,8
2565,772,207,2
2566,773,89,12
2567,773,35,2
2568,773,214,1
2569,774,89,10
2570,774,35,2
2571,774,214,1
2572,775,89,14
2573,775,207,4
2574,776,89,14
2575,776,308,24
2576,776,213,1
2577,777,89,12
2578,777,309,12
2579,777,207,6
2580,778,89,14
2581,778,308,28
2582,778,213,1
2583,779,89,10
2584,779,310,6
2585,779,213,2
2586,780,89,14
2587,780,310,4
2588,780,213,2
2589,781,89,12
2590,781,309,16
2591,781,213,2
2592,782,89,14
2593,782,35,4
2594,782,214,2
2595,783,89,14
2596,783,309,8
2597,783,213,2
2598,784,89,10
2599,784,309,20
2600,784,213,2
2601,785,89,16
2602,785,35,6
2603,785,214,2
2604,786,89,16
2605,786,35,6
2606,786,214,2
2607,787,311,1
2608,787,312,1
2609,788,89,6
2610,789,102,4
2611,789,313,4
2612,789,218,1
2613,790,102,8
2614,790,305,1
2615,790,218,1
2616,791,102,6
2617,791,313,6
2618,791,218,1
2619,792,102,8
2620,792,305,1
2621,792,218,1
2622,793,102,10
2623,793,98,6
2624,793,218,1
2625,794,102,6
2626,794,313,8
2627,794,218,1
2628,795,102,6
2629,795,94,1
2630,795,98,6
2631,795,218,1
2632,796,102,6
2633,796,313,8
2634,796,218,1
2635,797,102,12
2636,797,305,1
2637,797,218,1
2638,798,102,12
2639,798,98,10
2640,798,218,1
2641,799,102,8
2642,799,313,12
2643,799,218,1
2644,800,102,14
2645,800,98,10
2646,800,218,1
2647,801,102,16
2648,801,193,1
2649,801,305,3
2650,801,218,1
2651,802,102,30
2652,802,62,2
2653,802,56,4
2654,802,193,2
2655,802,218,2
2656,803,102,8
2657,803,313,12
2658,803,193,1
2659,803,218,1
2660,804,102,18
2661,804,98,12
2662,804,113,2
2663,804,218,1
2664,805,102,14
2665,805,305,2
2666,805,218,2
2667,806,102,14
2668,806,313,14
2669,806,193,1
2670,806,218,2
2671,807,102,22
2672,807,113,4
2673,807,98,16
2674,807,193,1
2675,807,218,2
2676,808,102,20
2677,808,193,2
2678,808,244,6
2679,808,305,4
2680,808,218,2
2681,809,102,16
2682,809,113,4
2683,809,98,18
2684,809,193,1
2685,809,218,2
2686,810,102,12
2687,810,62,12
2688,810,193,2
2689,810,218,4
2690,811,102,12
2691,811,54,6
2692,811,116,4
2693,811,193,2
2694,811,218,4
2695,812,113,8
2696,812,62,6
2697,812,56,6
2698,812,193,2
2699,812,195,2
2700,813,106,5
2701,813,193,4
2702,813,195,4
2703,814,314,35
2704,814,112,2
2705,814,193,3
2706,814,218,3
2707,815,314,25
2708,815,112,2
2709,815,193,3
2710,815,218,3
2711,816,315,1
2712,816,224,20
2713,816,220,2
2714,817,315,2
2715,817,224,30
2716,817,220,2
2717,817,193,1
2718,818,315,3
2719,818,224,40
2720,818,220,2
2721,818,193,2
2722,819,89,12
2723,819,207,4
2724,820,102,40
2725,820,226,12
2726,820,230,60
2727,820,218,2
2728,821,102,20
2729,821,316,30
2730,821,193,1
2731,821,218,2
2732,822,102,28
2733,822,317,36
2734,822,193,2
2735,822,218,2
2736,823,102,20
2737,823,316,25
2738,823,218,2
2739,824,102,20
2740,824,316,25
2741,824,218,1
2742,825,102,28
2743,825,317,30
2744,825,193,1
2745,825,218,1
2746,826,102,28
2747,826,317,30
2748,826,113,2
2749,826,193,1
2750,826,218,1
2751,827,102,6
2752,827,52,1
2753,827,91,1
2754,827,218,1
2755,828,102,8
2756,828,52,1
2757,828,53,1
2758,828,218,1
2759,829,102,10
2760,829,52,1
2761,829,53,1
2762,829,218,2
2763,830,107,2
2764,830,106,7
2765,830,53,6
2766,830,193,4
2767,830,195,4
2768,831,89,40
2769,831,263,40
2770,831,94,2
2771,831,214,4
2772,831,213,4
2773,832,102,6
2774,832,318,6
2775,832,218,1
2776,833,102,24
2777,833,221,80
2778,833,81,2
2779,833,218,1
2780,834,102,4
2781,834,318,8
2782,834,218,1
2783,835,102,4
2784,835,319,6
2785,835,218,1
2786,836,102,28
2787,836,320,12
2788,836,218,1
2789,837,102,8
2790,837,318,8
2791,837,218,1
2792,838,102,6
2793,838,319,8
2794,838,218,1
2795,839,102,24
2796,839,320,14
2797,839,218,1
2798,840,102,10
2799,840,318,10
2800,840,218,1
2801,841,102,40
2802,841,221,120
2803,841,81,1
2804,841,193,1
2805,841,218,1
2806,842,102,6
2807,842,319,10
2808,842,218,1
2809,843,219,20
2810,843,107,6
2811,843,106,2
2812,843,218,2
2813,844,102,12
2814,844,319,12
2815,844,193,1
2816,844,218,2
2817,845,64,2
2818,846,321,1
2819,846,196,1
2820,847,321,1
2821,847,196,1
2822,847,235,1
2823,848,321,1
2824,848,196,1
2825,849,321,1
2826,849,196,1
2827,850,321,1
2828,850,196,1
2829,851,321,1
2830,851,196,1
2831,852,321,2
2832,852,145,1
2833,852,196,1
2834,853,321,2
2835,853,196,1
2836,854,321,3
2837,854,196,1
2838,855,321,3
2839,855,196,1
2840,855,235,1
2841,856,321,2
2842,856,196,1
2843,857,321,3
2844,857,196,2
2845,857,241,2
2846,858,321,2
2847,858,196,1
2848,858,241,1
2849,859,321,2
2850,859,196,1
2851,859,237,1
2852,860,321,2
2853,860,196,1
2854,860,237,1
2855,860,235,1
2856,861,321,3
2857,861,196,3
2858,862,321,3
2859,862,196,1
2860,862,237,1
2861,863,321,3
2862,863,196,1
2863,863,241,1
2864,864,321,2
2865,864,196,3
2866,865,321,3
2867,865,196,2
2868,865,256,1
2869,866,321,3
2870,866,196,1
2871,866,145,1
2872,867,321,4
2873,867,199,1
2874,867,241,1
2875,868,321,4
2876,868,196,2
2877,868,237,2
2878,869,66,3
2879,870,203,1
2880,870,199,1
2881,871,321,4
2882,871,199,1
2883,872,321,5
2884,872,145,2
2885,872,199,1
2886,873,203,3
2887,873,199,1
2888,874,203,2
2889,874,199,2
2890,874,256,1
2891,875,203,3
2892,875,199,1
2893,876,203,3
2894,876,199,2
2895,876,254,1
2896,877,321,4
2897,877,145,1
2898,877,199,1
2899,878,321,3
2900,878,199,1
2901,878,256,1
2902,879,321,4
2903,879,199,2
2904,880,203,4
2905,880,199,2
2906,880,145,2
2907,881,203,4
2908,881,145,2
2909,881,199,1
2910,881,241,2
2911,882,203,4
2912,882,256,1
2913,882,199,1
2914,883,203,2
2915,883,199,1
2916,883,200,1
2917,884,203,3
2918,884,199,2
2919,884,254,2
2920,885,203,4
2921,885,199,2
2922,885,237,2
2923,886,203,4
2924,886,199,3
2925,886,200,1
2926,887,203,3
2927,887,199,2
2928,888,203,5
2929,888,199,4
2930,889,203,3
2931,889,235,4
2932,889,199,1
2933,890,203,4
2934,890,241,1
2935,890,199,1
2936,891,203,5
2937,891,199,3
2938,891,241,3
2939,892,203,6
2940,892,153,2
2941,892,199,2
2942,893,203,4
2943,893,237,2
2944,893,200,1
2945,893,199,1
2946,894,203,4
2947,894,256,2
2948,894,200,1
2949,894,199,1
2950,895,203,5
2951,895,241,3
2952,895,199,1
2953,896,83,4
2954,897,236,2
2955,897,153,4
2956,897,300,4
2957,897,206,2
2958,898,203,3
2959,898,241,2
2960,898,199,1
2961,899,203,4
2962,899,199,3
2963,899,296,1
2964,900,236,1
2965,900,322,1
2966,900,199,1
2967,901,236,2
2968,901,199,2
2969,901,300,2
2970,902,236,3
2971,902,300,1
2972,902,199,2
2973,903,236,2
2974,903,237,2
2975,903,199,1
2976,904,236,3
2977,904,78,2
2978,904,199,3
2979,905,236,4
2980,905,199,2
2981,905,300,2
2982,906,236,2
2983,906,200,2
2984,906,199,1
2985,907,236,3
2986,907,235,2
2987,907,207,1
2988,908,236,3
2989,908,199,2
2990,909,236,3
2991,909,199,2
2992,909,172,2
2993,910,236,5
2994,910,256,2
2995,910,207,1
2996,911,236,3
2997,911,235,2
2998,911,199,1
2999,912,236,3
3000,912,32,1
3001,912,199,2
3002,913,88,5
3003,914,236,4
3004,914,207,1
3005,914,172,2
3006,915,236,4
3007,915,78,3
3008,915,199,3
3009,915,256,1
3010,916,236,3
3011,916,241,2
3012,916,207,1
3013,917,236,4
3014,917,210,1
3015,917,241,2
3016,917,207,1
3017,918,236,5
3018,918,207,2
3019,919,236,5
3020,919,241,2
3021,919,20,2
3022,919,207,1
3023,920,236,4
3024,920,323,1
3025,920,207,1
3026,921,236,4
3027,921,249,1
3028,921,207,1
3029,922,236,5
3030,922,305,1
3031,922,199,4
3032,923,236,4
3033,923,241,2
3034,923,199,2
3035,924,236,5
3036,924,20,2
3037,924,241,2
3038,924,207,2
3039,925,236,5
3040,925,256,4
3041,925,207,1
3042,926,236,5
3043,926,32,4
3044,926,78,4
3045,926,210,1
3046,926,207,2
3047,927,236,4
3048,927,241,2
3049,927,207,2
3050,928,177,3
3051,928,207,2
3052,928,79,1
3053,928,172,2
3054,929,236,5
3055,929,305,1
3056,929,207,1
3057,930,236,8
3058,930,48,4
3059,930,323,2
3060,930,241,4
3061,930,207,1
3062,931,177,2
3063,931,207,3
3064,932,177,2
3065,932,207,3
3066,933,177,3
3067,933,213,1
3068,934,177,3
3069,934,241,2
3070,934,213,1
3071,935,177,1
3072,935,235,1
3073,935,213,1
3074,936,177,1
3075,936,324,1
3076,936,213,1
3077,937,177,2
3078,937,324,2
3079,937,213,1
3080,938,177,4
3081,938,207,2
3082,939,177,3
3083,939,213,2
3084,940,177,3
3085,940,213,2
3086,940,89,2
3087,941,177,3
3088,941,213,2
3089,942,177,2
3090,942,249,2
3091,942,213,2
3092,943,177,3
3093,943,305,1
3094,943,213,1
3095,943,235,1
3096,944,177,4
3097,944,241,2
3098,944,213,3
3099,945,177,4
3100,945,241,2
3101,945,213,2
3102,946,177,3
3103,946,325,1
3104,946,213,1
3105,947,177,4
3106,947,241,2
3107,947,213,2
3108,948,177,4
3109,948,213,2
3110,949,177,4
3111,949,213,3
3112,950,177,5
3113,950,213,3
3114,950,235,1
3115,951,98,5
3116,952,244,2
3117,953,228,4
3118,953,28,2
3119,953,241,2
3120,953,218,1
3121,954,228,4
3122,954,28,2
3123,954,241,2
3124,954,218,1
3125,955,228,3
3126,955,218,1
3127,956,228,5
3128,956,195,1
3129,956,218,1
3130,957,228,5
3131,957,102,2
3132,957,218,1
3133,958,228,5
3134,958,195,1
3135,958,218,1
3136,959,228,6
3137,959,102,4
3138,959,34,2
3139,959,218,1
3140,960,228,4
3141,960,195,1
3142,960,218,1
3143,961,228,4
3144,961,72,2
3145,961,218,1
3146,962,228,5
3147,962,72,2
3148,962,218,1
3149,963,228,6
3150,963,50,1
3151,963,218,1
3152,964,228,4
3153,964,195,2
3154,964,102,4
3155,964,218,1
3156,965,228,6
3157,965,195,2
3158,965,218,1
3159,966,228,6
3160,966,72,4
3161,966,195,1
3162,966,218,1
3163,967,228,6
3164,967,233,4
3165,967,218,1
3166,968,228,6
3167,968,113,4
3168,968,245,2
3169,968,109,2
3170,968,195,2
3171,969,228,4
3172,969,195,2
3173,969,218,1
3174,970,228,4
3175,970,233,1
3176,970,218,1
3177,971,228,8
3178,971,50,2
3179,971,218,1
3180,972,228,6
3181,972,233,4
3182,972,218,1
3183,973,228,5
3184,973,233,5
3185,973,218,1
3186,974,228,7
3187,974,195,2
3188,974,102,4
3189,974,218,1
3190,975,228,6
3191,975,50,4
3192,975,93,1
3193,975,218,1
3194,976,228,4
3195,976,233,6
3196,976,108,1
3197,976,113,2
3198,976,218,2
3199,977,228,8
3200,977,233,12
3201,977,136,2
3202,977,219,2
3203,977,218,2
3204,978,228,12
3205,978,107,4
3206,978,106,4
3207,978,113,6
3208,978,218,2
3209,979,228,8
3210,979,107,6
3211,979,52,4
3212,979,113,2
3213,979,218,2
3214,980,228,12
3215,980,233,6
3216,980,245,2
3217,980,218,2
3218,981,228,6
3219,981,233,4
3220,981,245,2
3221,981,218,2
3222,982,233,5
3223,982,129,1
3224,982,109,2
3225,982,195,2
3226,983,244,20
3227,983,219,16
3228,983,112,8
3229,983,52,4
3230,983,195,4
3231,984,203,3
3232,984,199,2
3233,984,256,1
3234,985,177,4
3235,985,191,2
3236,985,213,2
3237,986,177,3
3238,986,191,2
3239,986,213,2
3240,987,177,5
3241,987,191,3
3242,987,213,2
3243,988,177,4
3244,988,191,4
3245,988,213,2
3246,989,177,5
3247,989,191,6
3248,989,213,3
3249,990,177,6
3250,990,191,6
3251,990,213,3
3252,990,89,2
3253,991,228,6
3254,991,233,4
3255,991,94,2
3256,991,218,1
3257,992,244,12
3258,992,113,6
3259,992,115,2
3260,992,195,4
3261,993,177,4
3262,993,133,4
3263,993,213,2
3264,994,228,5
3265,994,278,2
3266,994,218,2
3267,995,228,6
3268,995,136,4
3269,995,113,4
3270,995,195,4
3271,996,228,5
3272,996,30,10
3273,996,326,8
3274,996,218,2
3275,997,228,6
3276,997,233,2
3277,997,58,1
3278,997,195,4
3279,450,121,1
3280,452,56,1
3281,998,130,1
3282,998,265,1
3283,998,130,2
3284,998,265,2
3285,998,130,3
3286,998,267,1
3287,998,130,5
3288,998,130,4
3289,998,267,2
3290,998,327,1
3291,998,267,3
3292,998,328,1
3293,998,130,6
3294,998,328,2
3295,998,20,1
3296,998,130,8
3297,998,132,2
3298,998,270,1
3299,998,238,1
3300,998,329,1
3301,998,132,3
3302,998,132,1
3303,998,330,3
3304,998,19,3
3305,998,12,3
3306,998,272,1
3307,998,331,1
3308,998,132,4
3309,998,132,6
3310,998,25,2
3311,998,32,1
3312,998,48,1
3313,998,273,1
3314,998,133,1
3315,998,272,2
3316,998,273,3
3317,998,133,3
3318,998,332,1
3319,998,26,2
3320,998,273,2
3321,998,133,2
3322,998,133,4
3323,998,204,3
3324,998,333,1
3325,998,133,5
3326,998,333,2
3327,998,84,3
3328,998,333,3
3329,998,133,6
3330,998,33,3
3331,998,334,1
3332,998,87,1
3333,998,335,1
3334,998,50,2
3335,998,336,1
3336,998,337,1
3337,998,79,1
3338,998,335,2
3339,998,337,2
3340,998,50,3
3341,998,50,5
3342,998,35,2
3343,998,275,3
3344,998,50,10
3345,998,334,4
3346,998,52,1
3347,998,275,2
3348,998,90,1
3349,998,91,1
3350,998,191,1
3351,998,95,1
3352,998,34,1
3353,998,135,3
3354,998,278,2
3355,998,275,1
3356,998,135,6
3357,998,276,1
3358,998,135,4
3359,998,276,4
3360,998,55,1
3361,998,54,1
3362,998,46,1
3363,998,135,8
3364,998,278,3
3365,998,136,6
3366,998,278,6
3367,998,53,2
3368,998,54,2
3369,998,135,16
3370,998,278,4
3371,998,55,2
3372,998,278,8
3373,998,136,4
3374,998,135,10
3375,998,121,4
3376,998,278,12
3377,998,136,2
3378,998,278,10
3379,998,135,15
3380,998,129,2
3381,998,121,6
3382,998,56,6
3383,998,52,4
3384,998,55,4
3385,998,54,4
3386,998,245,2
3387,998,55,6
3388,998,129,1
3389,998,135,20
3390,998,136,10
3391,998,136,15
3392,998,125,4
3393,998,220,8
3394,998,125,3
3395,998,125,2
3396,998,136,8
3397,998,56,4
3398,998,58,2
3399,998,116,2
3400,998,109,8
3401,998,270,2
3402,998,135,14
